Workbook

Sheet Data
A1: OrderID | B1: Date | C1: CustomerName | D1: Product | E1: Category | F1: Region | G1: Quantity | H1: Price | I1: TotalSales
A2: 1001 | B2: 46023 | C2: Alice | D2: Laptop | E2: Electronics | F2: North | G2: 1 | H2: 1200 | I2: 1200
A3: 1002 | B3: 46024 | C3: Bob | D3: Shirt | E3: Clothing | F3: West | G3: 2 | H3: 25 | I3: 50
A4: 1003 | B4: 46024 | C4: Charlie | D4: Laptop | E4: Electronics | F4: East | G4: 1 | H4: 1200 | I4: 1200
A5: 1004 | B5: 46025 | C5: Alice | D5: Shoes | E5: Clothing | F5: North | G5: 1 | H5: 50 | I5: 50
A6: 1005 | B6: 46026 | C6: David | D6: Headphones | E6: Electronics | F6: South | G6: 3 | H6: 100 | I6: 300
A7: 1007 | B7: 46028 | C7: Frank | D7: Jeans | E7: Clothing | F7: East | G7: 2 | H7: 60 | I7: 120
A8: 1008 | B8: 46028 | C8: Grace | D8: TV | E8: Electronics | F8: North | G8: 1 | H8: 800 | I8: 800
A9: 1009 | B9: 46029 | C9: Henry | D9: Socks | E9: Clothing | F9: West | G9: 5 | H9: 10 | I9: 50
A10: 1010 | B10: 46030 | C10: Ivy | D10: Backpack | E10: Home & Kitchen | F10: East | G10: 1 | H10: 45 | I10: 45
A11: 1011 | B11: 46031 | C11: Jack | D11: Blender | E11: Home & Kitchen | F11: South | G11: 1 | H11: 150 | I11: 150
A12: 1012 | B12: 46031 | C12: Kevin | D12: Shirt | E12: Clothing | F12: North | G12: 3 | H12: 25 | I12: 75
A13: 1013 | B13: 46033 | C13: Leo | D13: Laptop | E13: Electronics | F13: West | G13: 1 | H13: 1200 | I13: 1200
... A55: 1057 | B55: 46077 | C55: David | D55: Shirt | E55: Clothing | F55: West | G55: 3 | H55: 25 | I55: 75

Sheet Dashboard
B2: Sales Performance Dashboard
B3: Data range: Jan 01, 2026 – Feb 24, 2026 | 54 orders across 26 customers
B5: TOTAL REVENUE | D5: TOTAL ORDERS | F5: UNITS SOLD | H5: AVG ORDER VALUE
B7: =SUM(Data!I:I) -> 18170 | D7: =COUNTA(Data!A2:A1000) -> 54 | F7: =SUM(Data!G:G) -> 111 | H7: =SUM(Data!I:I)/COUNTA(Data!A2:A1000) -> 336.48148
B10: Sales by Category | E10: Sales by Region | H10: Sales by Product
B11: Category | C11: Total Sales | E11: Region | F11: Total Sales | H11: Product | I11: Total Sales
B12: Clothing | C12: =SUMIFS(Data!$I:$I,Data!$E:$E,B12) -> 1810 | E12: East | F12: =SUMIFS(Data!$I:$I,Data!$F:$F,E12) -> 4055 | H12: Laptop | I12: =SUMIFS(Data!$I:$I,Data!$D:$D,H12) -> 8400
B13: Electronics | C13: =SUMIFS(Data!$I:$I,Data!$E:$E,B13) -> 15100 | E13: North | F13: =SUMIFS(Data!$I:$I,Data!$F:$F,E13) -> 5050 | H13: TV | I13: =SUMIFS(Data!$I:$I,Data!$D:$D,H13) -> 5600
B14: Home & Kitchen | C14: =SUMIFS(Data!$I:$I,Data!$E:$E,B14) -> 1260 | E14: South | F14: =SUMIFS(Data!$I:$I,Data!$F:$F,E14) -> 4095 | H14: Headphones | I14: =SUMIFS(Data!$I:$I,Data!$D:$D,H14) -> 1100
E15: West | F15: =SUMIFS(Data!$I:$I,Data!$F:$F,E15) -> 4970 | H15: Blender | I15: =SUMIFS(Data!$I:$I,Data!$D:$D,H15) -> 900
H16: Jeans | I16: =SUMIFS(Data!$I:$I,Data!$D:$D,H16) -> 600
H17: Shirt | I17: =SUMIFS(Data!$I:$I,Data!$D:$D,H17) -> 450
H18: Shoes | I18: =SUMIFS(Data!$I:$I,Data!$D:$D,H18) -> 400
H19: Backpack | I19: =SUMIFS(Data!$I:$I,Data!$D:$D,H19) -> 360
H20: Socks | I20: =SUMIFS(Data!$I:$I,Data!$D:$D,H20) -> 360
B23: Weekly Sales Trend
B24: Week Of | C24: Total Sales
B25: 46020 | C25: =SUMIFS(Data!$I:$I,Data!$B:$B,">="&B25,Data!$B:$B,"<"&(B25+7)) -> 2800
B26: 46027 | C26: =SUMIFS(Data!$I:$I,Data!$B:$B,">="&B26,Data!$B:$B,"<"&(B26+7)) -> 2440
B27: 46034 | C27: =SUMIFS(Data!$I:$I,Data!$B:$B,">="&B27,Data!$B:$B,"<"&(B27+7)) -> 1300
B28: 46041 | C28: =SUMIFS(Data!$I:$I,Data!$B:$B,">="&B28,Data!$B:$B,"<"&(B28+7)) -> 2545
B29: 46048 | C29: =SUMIFS(Data!$I:$I,Data!$B:$B,">="&B29,Data!$B:$B,"<"&(B29+7)) -> 1860
B30: 46055 | C30: =SUMIFS(Data!$I:$I,Data!$B:$B,">="&B30,Data!$B:$B,"<"&(B30+7)) -> 3155
B31: 46062 | C31: =SUMIFS(Data!$I:$I,Data!$B:$B,">="&B31,Data!$B:$B,"<"&(B31+7)) -> 1300
B32: 46069 | C32: =SUMIFS(Data!$I:$I,Data!$B:$B,">="&B32,Data!$B:$B,"<"&(B32+7)) -> 2395
B33: 46076 | C33: =SUMIFS(Data!$I:$I,Data!$B:$B,">="&B33,Data!$B:$B,"<"&(B33+7)) -> 375
